product_name,link,product_images,details
FADED LEATHER EFFECT JACKET,https://www.zara.com/in/en/faded-leather-effect-jacket-p05070330.html,https://static.zara.net/photos///2023/I/0/2/p/5070/330/802/2/w/448/5070330802_1_1_1.jpg?ts=1692359829209,Faded leather effect jacket. Lapel collar and long sleeves with adjustable zip cuffs. Hip welt pockets with zip fastening. Zip-up front.
FAUX LEATHER JACKET,https://www.zara.com/in/en/faux-leather-jacket-p03427320.html,https://static.zara.net/photos///2023/I/0/2/p/3427/320/800/2/w/448/3427320800_1_1_1.jpg?ts=1689335037306,Jacket made of faux leather fabric. Lapel collar with snap-button details. Long sleeves with zip cuffs. Front zip pockets on the chest and hip. Inside pocket. Asymmetric metal zip-up front.
FAUX LEATHER BOMBER JACKET,https://www.zara.com/in/en/faux-leather-bomber-jacket-p03918420.html,https://static.zara.net/photos///2023/I/0/2/p/3918/420/800/2/w/448/3918420800_1_1_1.jpg?ts=1687947015813,Jacket made of faux leather fabric. High neck and long sleeves. Welt pockets at the hip and interior pocket detail. Ribbed trims. Front zip fastening.
FAUX LEATHER JACKET,https://www.zara.com/in/en/faux-leather-jacket-p08281306.html,https://static.zara.net/photos///2023/I/0/2/p/8281/306/800/2/w/448/8281306800_2_1_1.jpg?ts=1688382311087,Collared jacket with long sleeves and elasticated cuffs. Welt pockets on the chest and hip. Ribbed hem. Zip-up front.
SATIN JACKET WITH EMBROIDERED SLOGAN,https://www.zara.com/in/en/satin-jacket-with-embroidered-slogan-p00706304.html,https://static.zara.net/photos///2023/I/0/2/p/0706/304/420/2/w/448/0706304420_2_1_1.jpg?ts=1689926679011,Satin varsity jacket. Jetted hip pockets and inside pocket detail. Contrast embroidery on the back. Ribbed trims. Front zip fastening.
BOMBER JACKET WITH PATCH,https://www.zara.com/in/en/bomber-jacket-with-patch-p03918478.html,https://static.zara.net/photos///2023/I/0/2/p/3918/478/251/2/w/448/3918478251_1_1_1.jpg?ts=1691739358833,Varsity jacket made of faux suede fabric. Jetted hip pockets and inside pocket detail. Contrast embroidery and patch appliqués on the front and back. Ribbed trims. Snap-buttons down the front.
HOODED BOMBER JACKET,https://www.zara.com/in/en/hooded-bomber-jacket-p03833407.html,https://static.zara.net/photos///2023/I/0/2/p/3833/407/800/2/w/448/3833407800_1_1_1.jpg?ts=1692780182587,Varsity jacket with a hood in the collar. Long sleeves with elasticated cuffs. Jetted pockets at the hip and inside pocket detail. Contrast patches and embroidery on the front and back. Ribbed trims. Snap-button front.
BOMBER JACKET WITH PATCH,https://www.zara.com/in/en/bomber-jacket-with-patch-p03918392.html,https://static.zara.net/photos///2023/I/0/2/p/3918/392/251/2/w/448/3918392251_1_1_1.jpg?ts=1689760696013,Varsity jacket made of lightweight fabric. Jetted hip pockets and inside pocket detail. Contrast patches and embroidery on the front. Ribbed trims. Snap-button front.
SEERSUCKER JACKET WITH POCKETS,https://www.zara.com/in/en/seersucker-jacket-with-pockets-p08281330.html,https://static.zara.net/photos///2023/I/0/2/p/8281/330/250/3/w/448/8281330250_1_1_1.jpg?ts=1691508195103,Relaxed fit jacket featuring a high neck and long sleeves with elastic cuffs. Patch pockets with flaps at the hip. Adjustable hem with elastic details on the front. Front zip fastening.
OVERSHIRT WITH POCKETS,https://www.zara.com/in/en/overshirt-with-pockets-p01538451.html,https://static.zara.net/photos///2023/I/0/2/p/1538/451/711/2/w/0/1538451711_1_1_1.jpg?ts=1691136024687,Relaxed fit overshirt made of cotton. Lapel collar and long sleeves with buttoned cuffs. Patch pockets with flaps on the chest and a side hip pocket. Zip-up front.
TEXTURED JACKET,https://www.zara.com/in/en/textured-jacket-p01538452.html,https://static.zara.net/photos///2023/I/0/2/p/1538/452/807/2/w/448/1538452807_1_1_1.jpg?ts=1691136022014,Jacket with a slightly padded interior. Contrast collar. Long sleeves with buttoned cuffs. Faded effect. Double welt pockets on the chest and hip. Front zip-up fastening.
FAUX SUEDE EMBROIDERED JACKET,https://www.zara.com/in/en/faux-suede-embroidered-jacket-p08281469.html,https://static.zara.net/photos///2023/I/0/2/p/8281/469/251/2/w/448/8281469251_1_1_1.jpg?ts=1692951282962,Collared varsity jacket made of faux suede. Long sleeves. Jetted hip pockets and inside pocket detail. Contrast patch and embroidery on the front and back. Ribbed trims. Snap-button front fastening.
TECHNICAL JACKET,https://www.zara.com/in/en/technical-jacket-p03918390.html,https://static.zara.net/photos///2023/I/0/2/p/3918/390/522/2/w/448/3918390522_1_1_1.jpg?ts=1687331082982,Jacket made of technical fabric. Lapel collar and long sleeves with elasticated trims. Hip welt pockets and inside pocket. Adjustable elasticated hem. Snap-button fastening on the front.
CONTRAST PRINT JACKET,https://www.zara.com/in/en/contrast-print-jacket-p05320401.html,https://static.zara.net/photos///2023/I/0/2/p/5320/401/251/2/w/448/5320401251_1_1_1.jpg?ts=1690962645034,Jacket made of a lightweight cotton fabric. Lapel collar and long sleeves with elasticated cuffs. Front hip pockets. Contrast prints on the chest and back. Elasticated hem. Front snap-button fastening.
TECHNICAL JACKET WITH ZIPS,https://www.zara.com/in/en/technical-jacket-with-zips-p08574505.html,https://static.zara.net/photos///2023/I/0/2/p/8574/505/800/2/w/448/8574505800_1_1_1.jpg?ts=1692786195587,Jacket made of a technical fabric. High neck featuring an adjustable hood with elastic. Long sleeves featuring adjustable cuffs with hook-and-loop strap. Chest patch pockets and front zip pockets. Adjustable hem with elastic at the sides. Front zip fastening.View more
PUFFER TECHNICAL JACKET,https://www.zara.com/in/en/puffer-technical-jacket-p07627502.html,https://static.zara.net/photos///2023/I/0/2/p/7627/502/800/2/w/448/7627502800_1_1_1.jpg?ts=1692786214259,"Jacket with quilted lining, made of technical fabric. High neck and long sleeves. Hip welt pockets and an inside pocket. Elastic trims. Zip-up front hidden by a snap-button placket."
WATER-REPELLENT TRENCH COAT WITH DETACHABLE GILET,https://www.zara.com/in/en/water-repellent-trench-coat-with-detachable-gilet-p05854301.html,https://static.zara.net/photos///2023/I/0/2/p/5854/301/710/2/w/448/5854301710_1_1_1.jpg?ts=1692778805947,"Lightweight coat with a removable quilted gilet on the inside. - Coat made of stretch cotton fabric with a water-repellent finish. Lapel collar and long sleeves. Inside pocket detail and hip welt pockets. Back vent in the centre of the hem. Buttoned front hidden by a placket. - Puffer gilet made of technical fabric. Featuring a V-neck, welt pockets at the hip and front snap-button fastening.View more"
100% WOOL COAT - LIMITED EDITION,https://www.zara.com/in/en/100-wool-coat---limited-edition-p05841253.html,https://static.zara.net/photos///2023/I/0/1/p/5841/253/800/22/w/448/5841253800_1_1_1.jpg?ts=1692193863529,Relaxed fit coat made of wool. Peak lapel collar and long sleeves. Welt pockets at the hip. Back vent at the centre of the hem. Button-up front.
TECHNICAL TRENCH COAT,https://www.zara.com/in/en/technical-trench-coat-p03286500.html,https://static.zara.net/photos///2023/I/0/2/p/3286/500/667/2/w/448/3286500667_1_1_1.jpg?ts=1690532396864,Trench coat made of technical fabric. Lapel collar and long sleeves. Hip welt pockets. Interior pocket detail. Central back vent at the hem. Button-up front.
OVERSIZE TRENCH COAT - LIMITED EDITION,https://www.zara.com/in/en/oversize-trench-coat---limited-edition-p05851368.html,https://static.zara.net/photos///2023/I/0/2/p/5851/368/712/33/w/448/5851368712_1_1_1.jpg?ts=1691506984289,"Collared oversize fit trench coat made of textured cotton. Featuring long sleeves, welt pockets at the hip and an inner pocket detail. Matching fabric belt around the waist. Central back pleat and front button fastening."
DOUBLE-BREASTED TECHNICAL TRENCH COAT,https://www.zara.com/in/en/double-breasted-technical-trench-coat-p05854300.html,https://static.zara.net/photos///2023/I/0/2/p/5854/300/710/2/w/448/5854300710_1_1_1.jpg?ts=1690986047268,Trench coat made of technical fabric. Notch lapel collar and long sleeves. Hip flap pockets. Interior pocket detail. Matching belt in the same fabric. Central back vent at the hem. Front double-breasted button fastening.
GEOMETRIC JACQUARD DENIM JACKET,https://www.zara.com/in/en/geometric-jacquard-denim-jacket-p01538320.html,https://static.zara.net/photos///2023/I/0/2/p/1538/320/802/2/w/448/1538320802_1_1_1.jpg?ts=1692960481669,Collared jacket with long sleeves and buttoned cuffs. Flap pockets on the chest and welt hip pockets. Faded effect. Button-up front.
CROPPED DENIM JACKET,https://www.zara.com/in/en/cropped-denim-jacket-p05520316.html,https://static.zara.net/photos///2023/I/0/2/p/5520/316/700/2/w/448/5520316700_1_1_1.jpg?ts=1692025126495,Faded cropped-fit collared jacket with long sleeves and buttoned cuffs. Patch pockets on the front. Irregular hem. Button-up front.
DENIM JACKET WITH IRREGULAR TRIMS,https://www.zara.com/in/en/denim-jacket-with-irregular-trims-p04365311.html,https://static.zara.net/photos///2023/I/0/2/p/4365/311/406/32/w/448/4365311406_1_1_1.jpg?ts=1692187656099,Round neck jacket with long sleeves and buttoned cuffs. Flap patch pockets on the chest and hip side pockets. Faded effect. Irregular trims. Cropped length. Button-up front hidden by a placket.
DENIM UTILITY GILET,https://www.zara.com/in/en/denim-utility-gilet-p01538305.html,https://static.zara.net/photos///2023/I/0/2/p/1538/305/506/22/w/448/1538305506_1_1_1.jpg?ts=1688716825878,Boxy fit sleeveless gilet. V-neck. Multi-purpose front pockets. Faded effect. Zip-up front hidden by a snap-button placket.
COLOURED ZIP-UP JACKET,https://www.zara.com/in/en/coloured-zip-up-jacket-p06917303.html,https://static.zara.net/photos///2023/I/0/2/p/6917/303/500/2/w/448/6917303500_1_1_1.jpg?ts=1689928835048,Collared jacket with long sleeves and buttoned cuffs. Patch pocket on the chest and inside pocket detail. Faded effect. Front zip fastening.
LIGHTWEIGHT BOMBER JACKET,https://www.zara.com/in/en/lightweight-bomber-jacket-p04302407.html,https://static.zara.net/photos///2023/I/0/2/p/4302/407/251/2/w/448/4302407251_1_1_1.jpg?ts=1686738106261,Lightweight jacket made of a technical fabric. Round neck and long sleeves. Hip welt pockets. Interior pocket detail. Ribbed trims. Front zip fastening.
FAUX SUEDE BOMBER JACKET,https://www.zara.com/in/en/faux-suede-bomber-jacket-p08574434.html,https://static.zara.net/photos///2023/I/0/2/p/8574/434/712/2/w/448/8574434712_1_1_1.jpg?ts=1689697776491,Lightweight jacket made of a faux suede fabric. High neck and long sleeves. Hip welt pockets. Ribbed trims. Front zip fastening.
FAUX SUEDE JACKET,https://www.zara.com/in/en/faux-suede-jacket-p06318400.html,https://static.zara.net/photos///2023/I/0/2/p/6318/400/706/2/w/0/6318400706_1_1_1.jpg?ts=1689847032258,Jacket with a ribbed collar. Long sleeves. Front welt pockets. Elastic hem. Zip-up front.
JACKET WITH POCKETS,https://www.zara.com/in/en/jacket-with-pockets-p04164401.html,https://static.zara.net/photos///2023/I/0/2/p/4164/401/916/2/w/489/4164401916_1_1_1.jpg?ts=1688570564490,Faded regular-fit collared jacket with long sleeves and buttoned cuffs. Patch pockets with flaps at the hip. Button-up front.Origins special collection.View more
TECHNICAL BOMBER JACKET,https://www.zara.com/in/en/technical-bomber-jacket-p08281324.html,https://static.zara.net/photos///2023/I/0/2/p/8281/324/800/2/w/448/8281324800_1_1_1.jpg?ts=1689697778531,Jacket made of technical fabric. High neck and long sleeves with pocket detail. Hip flap pockets. Ribbed trims. Hem that can be adjusted at the sides with a zip. Zip-up front.
JACKET WITH CONTRAST TOPSTITCHING,https://www.zara.com/in/en/jacket-with-contrast-topstitching-p07505300.html,https://static.zara.net/photos///2023/I/0/2/p/7505/300/413/2/w/448/7505300413_1_1_1.jpg?ts=1689756834859,Boxy-fit jacket. Lapel collar and long sleeves with elasticated cuffs. Patch pockets with flaps at the hip. Elasticated hem. Faded effect. Zip-up front.
DENIM JACKET WITH CONTRAST TOPSTITCHING,https://www.zara.com/in/en/denim-jacket-with-contrast-topstitching-p06987325.html,https://static.zara.net/photos///2023/I/0/2/p/6987/325/500/2/w/448/6987325500_1_1_1.jpg?ts=1690442673424,Collared jacket featuring long sleeves with buttoned cuffs. Chest patch pockets and hip welt pockets. Contrast topstitching all over the garment. Button-up front fastening.
JACKET WITH CONTRAST TOPSTITCHING,https://www.zara.com/in/en/jacket-with-contrast-topstitching-p06987326.html,https://static.zara.net/photos///2023/I/0/2/p/6987/326/800/2/w/448/6987326800_1_1_1.jpg?ts=1690444375269,Collared jacket made of textured cotton. Long sleeves with buttoned cuffs. Front patch pockets. Contrast topstitching detail all over the garment. Zip-up front.
FLORAL JACQUARD JACKET,https://www.zara.com/in/en/floral-jacquard-jacket-p07484304.html,https://static.zara.net/photos///2023/I/0/2/p/7484/304/710/2/w/448/7484304710_1_1_1.jpg?ts=1692020568971,Relaxed-fit jacket with long sleeves and snap button cuffs. Patch pockets on the hip. Button-up front.
DIAMOND JACQUARD JACKET,https://www.zara.com/in/en/diamond-jacquard-jacket-p06861319.html,https://static.zara.net/photos///2023/I/0/2/p/6861/319/330/2/w/448/6861319330_1_1_1.jpg?ts=1691151338095,Quilted jacket featuring a lapel collar and long sleeves with buttoned cuffs. Hip flap pockets. Adjustable hem with drawstring on the front. Button-up front.
FLORAL JACQUARD JACKET,https://www.zara.com/in/en/floral-jacquard-jacket-p00706507.html,https://static.zara.net/photos///2023/I/0/2/p/0706/507/409/2/w/448/0706507409_1_1_1.jpg?ts=1691079126304,Collared cropped jacket with long sleeves with snap-button cuffs. Featuring hip patch pockets with flaps and front snap-button fastening hidden by a snap-button placket.
JACKET WITH MAO COLLAR,https://www.zara.com/in/en/jacket-with-mao-collar-p06518300.html,https://static.zara.net/photos///2023/I/0/2/p/6518/300/401/2/w/448/6518300401_1_1_1.jpg?ts=1688652387532,Jacket made of a cotton blend fabric. High neck and long sleeves. Hip welt pockets. Ribbed trims. Zip fastening on the front.
UTILITY JACKET WITH POCKETS,https://www.zara.com/in/en/utility-jacket-with-pockets-p05520366.html,https://static.zara.net/photos///2023/I/0/2/p/5520/366/251/2/w/448/5520366251_1_1_1.jpg?ts=1689926676548,Jacket made of lightweight cotton fabric. Adjustable high neck with drawstring. Long sleeves with snap-button cuffs. Patch pockets with flaps on the front and sleeves. Zip-up front hidden by a snap-button placket.
TECHNICAL JACKET WITH GRAPHICS,https://www.zara.com/in/en/technical-jacket-with-graphics-p06985350.html,https://static.zara.net/photos///2023/I/0/2/p/6985/350/807/2/w/448/6985350807_1_1_1.jpg?ts=1691739358329,Jacket with a high neck and adjustable hood. Long sleeves with elastic cuffs. Hip pockets with zip fastening. Fabric lining with a mesh texture. Faded effect. Contrast prints on the front and back. Adjustable hem with elastic on the front. Zip-up front.View more
COLOUR BLOCK TECHNICAL JACKET,https://www.zara.com/in/en/colour-block-technical-jacket-p03918482.html,https://static.zara.net/photos///2023/I/0/2/p/3918/482/798/2/w/448/3918482798_1_1_1.jpg?ts=1690962649020,Jacket made of a lightweight technical fabric. High neck and long sleeves with elasticated cuffs. Front hip pockets. Elasticated hem. Front zip fastening.
TEXTURED WEAVE TECHNICAL JACKET,https://www.zara.com/in/en/textured-weave-technical-jacket-p04391403.html,https://static.zara.net/photos///2023/I/0/2/p/4391/403/804/2/w/448/4391403804_1_1_1.jpg?ts=1691739360747,"Oversize-fit jacket made of technical fabric with ripstop texture, resistant to tearing. High neck and long sleeves. Fabric lining with a mesh texture. Hip welt pockets. Elasticated trims. Zip-up front."
TECHNICAL JACKET,https://www.zara.com/in/en/technical-jacket-p01538301.html,https://static.zara.net/photos///2023/I/0/2/p/1538/301/802/2/w/448/1538301802_1_1_1.jpg?ts=1689697774391,Jacket with a high neck and an adjustable hood. Long cuffed sleeves with hook-and-loop straps. Zip pockets on the chest and hip. Zip-up front.
TEXTURED COTTON GILET,https://www.zara.com/in/en/textured-cotton-gilet-p06987321.html,https://static.zara.net/photos///2023/I/0/2/p/6987/321/505/2/w/448/6987321505_1_1_1.jpg?ts=1690962648140,Gilet with lightly padded interior. Elastic collar. Front pouch pockets. Faded effect. Zip-up front.
BASIC BOMBER JACKET,https://www.zara.com/in/en/basic-bomber-jacket-p04302410.html,https://static.zara.net/photos///2023/I/0/2/p/4302/410/707/2/w/448/4302410707_1_1_1.jpg?ts=1690361440688,Jacket with a ribbed collar and long sleeves. Hip welt pockets and an inside pocket detail. Elastic hem. Zip-up front.
GILET WITH RUBBERISED FINISH,https://www.zara.com/in/en/gilet-with-rubberised-finish-p08574440.html,https://static.zara.net/photos///2023/I/0/2/p/8574/440/506/2/w/448/8574440506_1_1_1.jpg?ts=1689940173090,Puffer gilet made of fabric with a rubberised finish. High neck. Front welt pockets. Front zip fastening.
100% LINEN JACKET,https://www.zara.com/in/en/100-linen-jacket-p01437149.html,https://static.zara.net/photos///2023/I/0/2/p/1437/149/705/4/w/448/1437149705_1_1_1.jpg?ts=1690388263938,Jacket made of linen. Lapel collar and long sleeves with buttoned cuffs. Hip welt pockets. Elasticated hem. Button-up front.
100% LINEN WAISTCOAT,https://www.zara.com/in/en/100-linen-waistcoat-p07380677.html,https://static.zara.net/photos///2023/I/0/2/p/7380/677/658/2/w/448/7380677658_2_1_1.jpg?ts=1688114516227,Linen waistcoat. V-neckline and no sleeves. Welt pockets at the waist. Button-up front.
COTTON JACKET,https://www.zara.com/in/en/cotton-jacket-p00706301.html,https://static.zara.net/photos///2023/I/0/2/p/0706/301/500/2/w/448/0706301500_1_1_1.jpg?ts=1688481988150,Collared jacket with long sleeves and elasticated cuffs. Patch pockets at the hip. Elasticated hem. Fastens down the front with snap buttons.
FAUX SUEDE BOXY FIT JACKET,https://www.zara.com/in/en/faux-suede-boxy-fit-jacket-p03548304.html,https://static.zara.net/photos///2023/I/0/2/p/3548/304/802/2/w/448/3548304802_1_1_1.jpg?ts=1690962651631,Boxy fit collared jacket featuring long sleeves with buttoned cuffs. Flap pockets on the chest and welt pockets at the hip. Button-up front.
LIGHT PADDED JACKET,https://www.zara.com/in/en/light-padded-jacket-p08574661.html,https://static.zara.net/photos///2023/I/0/2/p/8574/661/712/2/w/448/8574661712_1_1_1.jpg?ts=1687445760715,Puffer jacket with a high neck and long sleeves. Hip pockets and an inside pocket detail. Front zip fastening.
LIGHTWEIGHT QUILTED GILET,https://www.zara.com/in/en/lightweight-quilted-gilet-p04302535.html,https://static.zara.net/photos///2023/I/0/2/p/4302/535/712/2/w/448/4302535712_1_1_1.jpg?ts=1686149515761,Gilet with a high neck. Hip welt pockets and a zip-up front.
SATIN BOMBER JACKET - LIMITED EDITION,https://www.zara.com/in/en/satin-bomber-jacket---limited-edition-p03833303.html,https://static.zara.net/photos///2023/I/0/2/p/3833/303/615/2/w/448/3833303615_1_1_1.jpg?ts=1689327629512,Varsity jacket with a slightly padded interior. Ribbed collar and long sleeves with elastic cuffs. Hip welt pockets and interior pocket detail. Adjustable hem with elastic. Front zip fastening.
PUFFER GILET- LIMITED EDITION,https://www.zara.com/in/en/puffer-gilet--limited-edition-p05320300.html,https://static.zara.net/photos///2023/I/0/2/p/5320/300/712/2/w/448/5320300712_1_1_1.jpg?ts=1689577314771,
RUBBERISED JACKET - LIMITED EDITION,https://www.zara.com/in/en/rubberised-jacket---limited-edition-p03918310.html,https://static.zara.net/photos///2023/I/0/2/p/3918/310/300/2/w/448/3918310300_1_1_1.jpg?ts=1689332809480,Jacket made of a fabric with a rubberised finish. Lapel collar in contrast corduroy fabric. Long sleeves featuring adjustable cuffs with tabs. Patch pockets with flaps on the hip and inner pocket detail. Adjustable hem with elastic at the sides. Front zip fastening hidden by a snap-button placket.View more
TECHNICAL JACKET - LIMITED EDITION,https://www.zara.com/in/en/technical-jacket---limited-edition-p08281319.html,https://static.zara.net/photos///2023/I/0/2/p/8281/319/400/2/w/448/8281319400_1_1_1.jpg?ts=1689327624982,Jacket with a high neck with adjustable drawstring and long sleeves with elasticated cuffs. Patch pockets with flaps at the hip. Adjustable hem with side drawstrings. Zip-up front hidden by a snap-button placket.
LIGHT PADDED JACKET,https://www.zara.com/in/en/light-padded-jacket-p04302520.html,https://static.zara.net/photos///2023/I/0/2/p/4302/520/711/2/w/448/4302520711_1_1_1.jpg?ts=1687331082060,Puffer jacket made of a technical fabric. High neck and long sleeves. Hip welt pockets. Elastic trims. Front zip fastening.
BOXY FIT JACKET WITH TOPSTITCHING,https://www.zara.com/in/en/boxy-fit-jacket-with-topstitching-p00706555.html,https://static.zara.net/photos///2023/I/0/2/p/0706/555/523/2/w/448/0706555523_1_1_1.jpg?ts=1691486099267,Collared boxy-fit jacket made of textured cotton. Long sleeves with buttoned cuffs. Patch pockets with flaps on the hip. Contrast topstitching detail all over the garment. Button-up front.
BOXY FIT TECHNICAL JACKET,https://www.zara.com/in/en/boxy-fit-technical-jacket-p09621640.html,https://static.zara.net/photos///2023/I/0/2/p/9621/640/933/2/w/448/9621640933_1_1_1.jpg?ts=1689763218025,Jacket made of lightweight technical fabric. High neck. Long sleeves with elasticated cuffs and adjustable tabs. Patch pockets with flaps on the hip. Zip-up front hidden by a snap-button placket.
LYOCELL JACKET,https://www.zara.com/in/en/lyocell-jacket-p05707453.html,https://static.zara.net/photos///2023/I/0/2/p/5707/453/800/2/w/448/5707453800_1_1_1.jpg?ts=1689763219982,Jacket made of lyocell. Lapel collar and long sleeves with buttoned cuffs. Patch pockets on the hip. Button-up front.
CROPPED BOMBER JACKET,https://www.zara.com/in/en/cropped-bomber-jacket-p00706571.html,https://static.zara.net/photos///2023/I/0/2/p/0706/571/707/2/w/448/0706571707_1_1_1.jpg?ts=1691587964012,Jacket made of a cotton blend fabric. High neck and long sleeves. Hip welt pockets. Ribbed trims. Cropped length. Zip-up front hidden by a snap-button placket.
REFLECTIVE EFFECT JACKET,https://www.zara.com/in/en/reflective-effect-jacket-p01732314.html,https://static.zara.net/photos///2023/I/0/2/p/1732/314/446/3/w/448/1732314446_1_1_1.jpg?ts=1693233018145,Jacket made of a very lightweight and reflective technical fabric.- High neck with stow-away hood on the inside.- Long sleeves with elastic cuffs.- Thermo-sealed inner seams.- Pocket with autolock zip fastening on the chest and hip pockets.- Adjustable hem with elastic at the sides.- Logo print on the front.Zara Athleticz.View more
TECHNICAL ANORAK WINDBREAKER,https://www.zara.com/in/en/technical-anorak-windbreaker-p01732312.html,https://static.zara.net/photos///2023/I/0/1/p/1732/312/700/612/w/448/1732312700_1_1_1.jpg?ts=1688385094142,Anorak windbreaker made of very lightweight technical fabric. - High neck with adjustable hood and autolock zip fastening at the front. - Long sleeves with elastic cuffs.- Pocket with a zip on the chest.- Adjustable hem with elastic at the sides.- Logo print on the front.Zara Athleticz.View more
TECHNICAL WINDBREAKER JACKET,https://www.zara.com/in/en/technical-windbreaker-jacket-p01732313.html,https://static.zara.net/photos///2023/I/0/2/p/1732/313/737/2/w/448/1732313737_1_1_1.jpg?ts=1688986167858,Jacket made of very lightweight technical fabric. - High neck with adjustable hood. - Long sleeves featuring adjustable cuffs with tabs.- Hip welt pockets.- Adjustable hem with elastic at the sides.- Logo print on the front.Zara Athleticz.View more
LINEN - COTTON OVERSHIRT,https://www.zara.com/in/en/linen---cotton-overshirt-p02675478.html,https://static.zara.net/photos///2023/I/0/2/p/2675/478/052/2/w/448/2675478052_1_1_1.jpg?ts=1686730227679,Relaxed fit collared overshirt made of a linen and cotton blend fabric. Featuring long sleeves with buttoned cuffs. Hip flap pockets. Button-up front.
HOODED TECHNICAL JACKET,https://www.zara.com/in/en/hooded-technical-jacket-p04302413.html,https://static.zara.net/photos///2023/I/0/2/p/4302/413/251/2/w/448/4302413251_1_1_1.jpg?ts=1690535018558,Technical fabric jacket. High neck with adjustable hood. Long sleeves. Zip pockets on the chest and hip. Lining with mesh textured fabric. Elasticated trims. Zip-up front.